{"id":1,"seed":1101,"kind":"series","columns":{"t":[0.0,1.0,2.0,3.0,4.0,5.0,6.0,7.0,8.0,9.0,10.0,11.0,12.0,13.0,14.0,15.0,16.0,17.0,18.0,19.0,20.0,21.0,22.0,23.0,24.0,25.0,26.0,27.0,28.0,29.0,30.0,31.0,32.0,33.0,34.0,35.0,36.0,37.0,38.0,39.0,40.0,41.0,42.0,43.0,44.0,45.0,46.0,47.0,48.0,49.0,50.0,51.0,52.0,53.0,54.0,55.0,56.0,57.0,58.0,59.0,60.0,61.0,62.0,63.0,64.0,65.0,66.0,67.0,68.0,69.0,70.0,71.0,72.0,73.0,74.0,75.0,76.0,77.0,78.0,79.0,80.0,81.0,82.0,83.0,84.0,85.0,86.0,87.0,88.0,89.0,90.0,91.0,92.0,93.0,94.0,95.0,96.0,97.0,98.0,99.0,100.0,101.0,102.0,103.0,104.0,105.0,106.0,107.0,108.0,109.0,110.0,111.0,112.0,113.0,114.0,115.0,116.0,117.0,118.0,119.0,120.0,121.0,122.0,123.0,124.0,125.0,126.0,127.0,128.0,129.0,130.0,131.0,132.0,133.0,134.0,135.0,136.0,137.0,138.0,139.0,140.0,141.0,142.0,143.0,144.0,145.0,146.0,147.0,148.0,149.0,150.0,151.0,152.0,153.0,154.0,155.0,156.0,157.0,158.0,159.0,160.0,161.0,162.0,163.0,164.0,165.0,166.0,167.0,168.0,169.0,170.0,171.0,172.0,173.0,174.0,175.0,176.0,177.0,178.0,179.0,180.0,181.0,182.0,183.0,184.0,185.0,186.0,187.0,188.0,189.0,190.0,191.0,192.0,193.0,194.0,195.0,196.0,197.0,198.0,199.0],"y":[5.166017595,4.044655653,4.187755738,4.756674861,6.242235168,5.782873214,4.276652761,4.175078725,5.156887708,5.025152254,5.536275919,5.481760629,4.414174075,4.844057651,5.430603643,4.124231482,4.980962736,4.319500629,3.67632562,5.655516,4.503857107,3.381277783,4.900830336,4.842373687,5.388813539,4.039169558,5.848329836,4.946030004,5.337088115,4.266104374,5.528765348,5.295127687,4.597761929,4.724050763,5.025031108,4.381458212,5.485448171,3.627427139,6.133892498,5.920011755,5.215015191,4.01141011,6.842846723,2.702632223,4.432429517,5.779177945,5.993708539,5.706977491,5.886081512,4.477595694,4.698441508,5.511883967,4.652988296,4.073657059,4.999292889,5.633335356,5.26682984,6.98925208,6.492304742,6.693790403,6.666066544,4.695736447,5.37080565,5.182705626,5.723844752,4.038355775,5.326910288,5.312084248,4.840034682,5.35266912,5.70088585,5.743516771,5.080254268,3.836376357,4.933563088,5.38729204,4.97080598,6.120199118,4.675806577,5.286804721,4.342142729,4.637755145,4.158964357,7.517595774,4.955947509,4.72879479,5.526116388,6.019785602,5.291326361,5.130394324,4.075277305,4.486650385,3.795666969,5.741841142,5.168422723,4.862163162,4.546985035,5.23335284,4.499489557,4.585972723,5.447261792,5.059109656,4.183278603,4.897227209,5.96794727,5.290895132,4.647071024,5.783320318,3.867651715,4.630917663,4.034085361,5.66372938,5.486302312,6.485960803,4.456888663,3.958252159,4.112429325,4.810620152,7.010593324,5.518361025,5.495469844,4.779135033,4.451261294,5.248669121,5.11987285,6.071428505,4.511311922,4.272189476,5.076875942,6.156474724,5.817130207,5.339359892,5.087461814,5.78922478,3.669363377,4.430386242,4.701071227,5.163177932,5.340269223,5.572009058,3.940158446,4.604366258,4.916146558,3.501431886,4.600647004,3.723557197,5.317340503,5.607896707,6.101616045,5.042676713,5.958166899,4.586638469,4.932777754,4.539281099,5.84849921,4.892973678,5.580511195,3.950145928,5.525570643,5.948582165,4.702762561,4.107039424,4.401247739,4.092323707,5.871231749,6.263254487,5.4604681,6.162423026,5.932000227,4.032511185,4.755866479,6.533229311,4.560712752,5.435866753,4.646840689,4.811683798,4.350341237,6.015644277,4.690975116,5.276108196,5.18294118,5.341276283,4.283729085,4.00804209,4.774872709,4.845903501,5.656606782,5.852931505,6.680026153,5.644323421,4.402956813,5.794963768,6.581236426,4.876539195,4.208634792,4.762842127,4.339537894,4.662836366,4.030988573,4.690776831]},"stats":{"n":200,"mean":5.051533904121501,"std":0.7884909028247608,"min":2.7026322229826714,"max":7.5175957737619115},"truth":{"params":{"c":5.0,"sigma":0.8},"equationLatex":"y_t = 5 + \\varepsilon_t,\\quad \\varepsilon_t \\sim \\mathcal{N}(0,\\,0.8^2)","curve":{"t":[0.0,1.0,2.0,3.0,4.0,5.0,6.0,7.0,8.0,9.0,10.0,11.0,12.0,13.0,14.0,15.0,16.0,17.0,18.0,19.0,20.0,21.0,22.0,23.0,24.0,25.0,26.0,27.0,28.0,29.0,30.0,31.0,32.0,33.0,34.0,35.0,36.0,37.0,38.0,39.0,40.0,41.0,42.0,43.0,44.0,45.0,46.0,47.0,48.0,49.0,50.0,51.0,52.0,53.0,54.0,55.0,56.0,57.0,58.0,59.0,60.0,61.0,62.0,63.0,64.0,65.0,66.0,67.0,68.0,69.0,70.0,71.0,72.0,73.0,74.0,75.0,76.0,77.0,78.0,79.0,80.0,81.0,82.0,83.0,84.0,85.0,86.0,87.0,88.0,89.0,90.0,91.0,92.0,93.0,94.0,95.0,96.0,97.0,98.0,99.0,100.0,101.0,102.0,103.0,104.0,105.0,106.0,107.0,108.0,109.0,110.0,111.0,112.0,113.0,114.0,115.0,116.0,117.0,118.0,119.0,120.0,121.0,122.0,123.0,124.0,125.0,126.0,127.0,128.0,129.0,130.0,131.0,132.0,133.0,134.0,135.0,136.0,137.0,138.0,139.0,140.0,141.0,142.0,143.0,144.0,145.0,146.0,147.0,148.0,149.0,150.0,151.0,152.0,153.0,154.0,155.0,156.0,157.0,158.0,159.0,160.0,161.0,162.0,163.0,164.0,165.0,166.0,167.0,168.0,169.0,170.0,171.0,172.0,173.0,174.0,175.0,176.0,177.0,178.0,179.0,180.0,181.0,182.0,183.0,184.0,185.0,186.0,187.0,188.0,189.0,190.0,191.0,192.0,193.0,194.0,195.0,196.0,197.0,198.0,199.0],"y":[5.0,5.0,5.0,5.0,5.0,5.0,5.0,5.0,5.0,5.0,5.0,5.0,5.0,5.0,5.0,5.0,5.0,5.0,5.0,5.0,5.0,5.0,5.0,5.0,5.0,5.0,5.0,5.0,5.0,5.0,5.0,5.0,5.0,5.0,5.0,5.0,5.0,5.0,5.0,5.0,5.0,5.0,5.0,5.0,5.0,5.0,5.0,5.0,5.0,5.0,5.0,5.0,5.0,5.0,5.0,5.0,5.0,5.0,5.0,5.0,5.0,5.0,5.0,5.0,5.0,5.0,5.0,5.0,5.0,5.0,5.0,5.0,5.0,5.0,5.0,5.0,5.0,5.0,5.0,5.0,5.0,5.0,5.0,5.0,5.0,5.0,5.0,5.0,5.0,5.0,5.0,5.0,5.0,5.0,5.0,5.0,5.0,5.0,5.0,5.0,5.0,5.0,5.0,5.0,5.0,5.0,5.0,5.0,5.0,5.0,5.0,5.0,5.0,5.0,5.0,5.0,5.0,5.0,5.0,5.0,5.0,5.0,5.0,5.0,5.0,5.0,5.0,5.0,5.0,5.0,5.0,5.0,5.0,5.0,5.0,5.0,5.0,5.0,5.0,5.0,5.0,5.0,5.0,5.0,5.0,5.0,5.0,5.0,5.0,5.0,5.0,5.0,5.0,5.0,5.0,5.0,5.0,5.0,5.0,5.0,5.0,5.0,5.0,5.0,5.0,5.0,5.0,5.0,5.0,5.0,5.0,5.0,5.0,5.0,5.0,5.0,5.0,5.0,5.0,5.0,5.0,5.0,5.0,5.0,5.0,5.0,5.0,5.0,5.0,5.0,5.0,5.0,5.0,5.0,5.0,5.0,5.0,5.0,5.0,5.0]}},"grading":{"mode":"parameter","fields":[{"name":"c","label":"constant c","target":5.0,"tol":0.226274}]}}