{"id":2,"seed":1202,"kind":"series","columns":{"t":[0.0,0.04016064257,0.08032128514,0.1204819277,0.1606425703,0.2008032129,0.2409638554,0.281124498,0.3212851406,0.3614457831,0.4016064257,0.4417670683,0.4819277108,0.5220883534,0.562248996,0.6024096386,0.6425702811,0.6827309237,0.7228915663,0.7630522088,0.8032128514,0.843373494,0.8835341365,0.9236947791,0.9638554217,1.004016064,1.044176707,1.084337349,1.124497992,1.164658635,1.204819277,1.24497992,1.285140562,1.325301205,1.365461847,1.40562249,1.445783133,1.485943775,1.526104418,1.56626506,1.606425703,1.646586345,1.686746988,1.726907631,1.767068273,1.807228916,1.847389558,1.887550201,1.927710843,1.967871486,2.008032129,2.048192771,2.088353414,2.128514056,2.168674699,2.208835341,2.248995984,2.289156627,2.329317269,2.369477912,2.409638554,2.449799197,2.489959839,2.530120482,2.570281124,2.610441767,2.65060241,2.690763052,2.730923695,2.771084337,2.81124498,2.851405622,2.891566265,2.931726908,2.97188755,3.012048193,3.052208835,3.092369478,3.13253012,3.172690763,3.212851406,3.253012048,3.293172691,3.333333333,3.373493976,3.413654618,3.453815261,3.493975904,3.534136546,3.574297189,3.614457831,3.654618474,3.694779116,3.734939759,3.775100402,3.815261044,3.855421687,3.895582329,3.935742972,3.975903614,4.016064257,4.0562249,4.096385542,4.136546185,4.176706827,4.21686747,4.257028112,4.297188755,4.337349398,4.37751004,4.417670683,4.457831325,4.497991968,4.53815261,4.578313253,4.618473896,4.658634538,4.698795181,4.738955823,4.779116466,4.819277108,4.859437751,4.899598394,4.939759036,4.979919679,5.020080321,5.060240964,5.100401606,5.140562249,5.180722892,5.220883534,5.261044177,5.301204819,5.341365462,5.381526104,5.421686747,5.46184739,5.502008032,5.542168675,5.582329317,5.62248996,5.662650602,5.702811245,5.742971888,5.78313253,5.823293173,5.863453815,5.903614458,5.9437751,5.983935743,6.024096386,6.064257028,6.104417671,6.144578313,6.184738956,6.224899598,6.265060241,6.305220884,6.345381526,6.385542169,6.425702811,6.465863454,6.506024096,6.546184739,6.586345382,6.626506024,6.666666667,6.706827309,6.746987952,6.787148594,6.827309237,6.86746988,6.907630522,6.947791165,6.987951807,7.02811245,7.068273092,7.108433735,7.148594378,7.18875502,7.228915663,7.269076305,7.309236948,7.34939759,7.389558233,7.429718876,7.469879518,7.510040161,7.550200803,7.590361446,7.630522088,7.670682731,7.710843373,7.751004016,7.791164659,7.831325301,7.871485944,7.911646586,7.951807229,7.991967871,8.032128514,8.072289157,8.112449799,8.152610442,8.192771084,8.232931727,8.273092369,8.313253012,8.353413655,8.393574297,8.43373494,8.473895582,8.514056225,8.554216867,8.59437751,8.634538153,8.674698795,8.714859438,8.75502008,8.795180723,8.835341365,8.875502008,8.915662651,8.955823293,8.995983936,9.036144578,9.076305221,9.116465863,9.156626506,9.196787149,9.236947791,9.277108434,9.317269076,9.357429719,9.397590361,9.437751004,9.477911647,9.518072289,9.558232932,9.598393574,9.638554217,9.678714859,9.718875502,9.759036145,9.799196787,9.83935743,9.879518072,9.919678715,9.959839357,10.0],"y":[0.4454897261,-4.43253206,1.421799284,4.001714945,0.2889802476,-3.817185753,-1.939680683,-1.303957823,-0.05558890308,1.914132397,3.678149038,-1.433466298,-3.676215836,-3.109096963,-4.987710098,0.2381917628,-6.004484993,-5.238463697,-0.99554879,-4.600944738,-4.780058632,-5.348253978,-2.473155487,1.509589777,-0.2882991689,2.461474482,-4.81753709,-3.610776394,-2.514190798,-3.543177857,0.7219347163,5.508473649,1.117381397,1.605508609,-1.945604733,3.893001001,-3.194794596,1.436979077,-0.01609771633,-3.274028859,-0.274847151,-1.234144143,1.353525935,3.720363128,3.467508434,2.439008827,-2.173942274,-4.461622889,0.5504507976,-4.189606738,1.575370774,4.457740726,-2.201475929,6.348898446,0.1946404563,-1.178056244,5.007294748,-1.053959081,-4.302575347,2.637872559,-0.807368926,0.7261657389,1.225674942,-1.599382621,3.495111106,2.091597223,-5.071026874,-0.7399951561,-1.287115845,-2.847402592,4.993135822,1.532103147,0.2107561747,3.760617154,-2.602266501,0.6968568705,6.497701024,5.946856042,-0.06744827599,-3.164346581,-0.5080770275,1.042604131,5.904020629,3.226173246,3.738232103,0.3763528996,-2.58455613,-1.717803834,3.704890522,3.916743683,-0.8268756515,2.806861889,-1.354127523,1.507116476,5.336161765,5.697628297,-2.838195499,-1.55870479,-1.591765808,-0.2655167188,1.930219922,-1.39723047,1.636415076,2.002946756,8.262277933,2.448599964,-1.728076789,2.859645088,0.6256957894,4.786655946,4.163983182,2.981547793,1.641582978,2.925174277,-3.297632813,6.340690811,1.786776859,1.976764972,2.338132212,3.801826125,5.962443294,8.388163073,7.440619233,4.977796939,1.206669957,3.096388383,1.232363957,3.91457739,-0.713686904,0.9204025548,4.801977824,5.416789536,7.757933873,2.368000439,9.235371412,2.580309015,-4.898002788,4.470827574,0.6464787095,8.244989448,2.033386882,5.894508128,2.716300675,2.484186954,5.811917906,5.251876063,9.061933117,1.307331464,6.631972309,7.957798069,8.148079983,2.259185068,0.5481783283,2.146577169,-0.004707839292,3.904526593,2.973403973,2.558317311,3.303209147,2.613602953,2.396708549,-1.405365221,4.363772332,4.490199047,0.8146359361,1.346025134,3.110473434,2.289854836,0.0001914469302,-0.7128022505,6.431359904,6.796655644,4.671335411,5.386915186,11.77704547,5.861188369,9.786098759,1.293658671,2.519417944,0.8003906609,6.041419663,7.857004571,5.84004062,6.584482018,3.578998644,2.958863899,8.365849242,6.63254651,8.789801455,1.991850125,4.407356962,7.387082949,5.215059586,-0.5153901093,5.244852524,5.447473135,9.179596095,5.320945454,4.374882625,7.985391458,4.809385483,0.7140174781,4.364757811,4.918505809,7.345885012,3.128484452,5.718419396,0.9547179418,4.83736936,7.1358603,3.406067293,6.660296616,4.437246429,8.958546304,7.301326997,10.97223585,1.722208115,5.903990222,6.50911511,3.204472398,5.5516372,8.908045799,7.101435201,9.03923895,5.464303542,6.597601997,4.11018753,4.466246195,2.671735019,-0.408452578,6.086167463,6.669640012,7.282699373,6.304868978,3.860460869,5.45912275,8.479356367,5.755114093,6.30964583,7.564442003,2.241210205,9.567653823,7.752414966,0.9076422122,8.280771414,8.42973554,7.155556631,8.740617626,3.055993276,6.109472814]},"stats":{"n":250,"mean":2.6739484426655986,"std":3.771747453420422,"min":-6.004484993438587,"max":11.777045468144863},"truth":{"params":{"a":-1.4,"b":0.85,"sigma":3.0},"equationLatex":"y_t = -1.4 + 0.85\\,t + \\varepsilon_t,\\quad \\varepsilon_t \\sim \\mathcal{N}(0,\\,3^2)",