{"id":19,"seed":2933,"kind":"events","columns":{"t":[2.825614638,6.376660799,8.131057921,10.18112135,10.42001022,10.47867691,10.99099304,12.2181836,12.28916504,13.28859359,16.1859529,16.3144081,16.86946611,22.11103096,22.43002784,24.82984119,25.71439059,31.36758692,32.49363376,33.29579134,35.88410321,35.98536713,36.28529773,36.4606899,36.68464789,36.93622367,37.97525592,39.08092474,42.20195276,43.35619634,47.37934573,47.58072257,48.29611463,49.0334862,51.19617631,53.94736128,54.98631949,56.03383748,57.26960184,61.71019596,63.45712007,65.49838624,65.80872628,66.49582907,67.40075815,69.13203626,69.89961969,70.08471106,70.43754295,70.84551212,71.10025594,71.46603101,72.01413883,72.08436612,72.13510381,72.39271673,72.50314466,72.71857319,72.91477949,73.10334766,73.13750689,73.18521197,73.38029596,73.67393726,73.76548937,74.02460925,74.43207486,75.74851069,76.17367377,76.50692874,76.93474021,77.02892455,77.5631491,77.60415224,77.68242548,77.70315412,77.81173348,77.82950084,78.41365875,78.70912092,78.79386445,78.84548637,78.94030371,78.9809599,79.06555443,79.2109508,79.38474142,79.39635482,79.4062567,80.07510312,80.16464545,80.24828097,80.3965747,80.45588519,80.65979455,80.82495887,80.88385424,80.91957332,80.94678187,80.95421675,81.09305071,81.69204592,81.81923264,81.96566339,82.03328587,82.17638798,82.51289476,82.60768412,83.24203585,83.60450417,83.78852553,84.03421931,86.00965837,88.40792885,88.58100346,90.199974,91.45906637,91.63279387,92.00255955,92.12981422,92.2917468,93.38119442,94.50275394,94.93410461,96.0984846,97.33803142,97.44951777,97.79283346,98.30592372,98.96402002,99.64630524,99.79982941,99.80011979,100.4979227,102.1435095,103.0652295,104.0308397,108.1810341,108.7599451,113.1198632,114.2500683,114.4322157,114.620929,114.6254231,114.6893,114.845957,115.2208368,115.2657446,115.4355863,115.7736333,116.6307637,116.9949509,117.0741996,117.1195494,117.2772316,117.525171,118.0631461,118.1320218,118.453827,118.5200605,118.8743096,125.5446822,125.6925357,126.177196,128.7267689,129.3941867,130.4346016,130.4961891,130.4969465,131.2816515,131.3951755,131.9917956,133.2016703,133.2387694,133.5346004,133.6813596,133.8637686,134.0407676,134.3889611,134.547304,134.8845061,136.7342199,138.1359383,138.6008982,139.0342884,139.0584754,139.3201136,139.4761134,140.3096891,140.5261619,140.6299567,141.0874326,141.4272246,149.6822634,151.4374299,152.2775902,152.3016024,152.4206427,153.1915033,153.3304883,154.3229154,154.6351216,155.5225199,156.1830074,157.3311504,157.6741621,157.6748596,157.9248561,157.9600033,158.6909944,158.8276188,158.8936039,159.9254846,160.7962583,161.0989023,162.029238,162.1161261,162.3343633,162.803586,163.0188228,163.1020786,163.4404712,164.5270978,168.6125568,173.280177,174.4048282,175.6779754,175.881376,176.5687675,177.0202587,179.90283,181.5184995,184.40565,184.9927218,185.3936092,185.8150389,185.837148,186.0167837,186.1342001,186.3350775,186.5788433,187.3361618,187.7574972,189.3845754,190.938139,191.3365498,192.0972306,192.1083649,192.5643199,194.9540571,196.7647777,198.990107,199.2677013,199.2973474,206.1081156,206.1247766,206.2714191,206.6331434,211.8048002,211.9937722,212.0458246,212.5683938,214.6537933,214.6697398,215.1680983,216.3436734,216.3505381,217.5834069,220.8674247,222.5829681,222.8948412,224.0018186,227.3117424,227.4051919,227.6010824,228.5091143,228.6595569,229.2759908,229.8463578,229.9673591,232.1124148,232.5207371,232.8780664,235.2893999,236.4267319,238.1516648,239.1624377,239.1961006,242.2659939,242.8487165,245.5541103,247.478314,247.6193518,247.7356414,247.8678863,248.8931462,249.2298361,249.6740154,252.7624031,260.273618,262.2688174,262.708247,263.9161851,264.1206478,264.787363,265.1374665,265.5534377,265.7073829,267.698129,269.3716602,269.5022221,270.0223334,270.0678987,270.3956021,271.1899439,271.4121388,271.7502058,271.9244419,272.0625374,273.2690415,276.8742202,279.4421118,281.0771817,281.9540722,283.0129586,283.5571582,284.7123917,284.7717319,284.9941875,285.0007127,285.7211645,286.3269542,286.5225778,286.5908884,286.8501298,286.976578,287.0160927,287.6642317,287.9402797,288.4496566,288.7067549,288.8343163,289.6869505,289.8526443,289.9678206,290.0879096,290.1859079,298.7844475,299.3489118,299.9995166,301.0862726,301.1655395,302.5258739,304.2060334,304.3721993,305.1549819,311.0617333,311.7701249,316.9238818,318.4297997,318.4725088,318.8870639,319.6463795,319.8100172,320.0681075,320.3282893,321.1292745,321.454565,321.9887767,323.7532979,324.2394928,324.5219308,324.6630267,324.7882655,324.8494019,325.1507402,325.3281621,325.4029509,325.554026,326.4346493,326.9771129,327.5254775,327.8122765,328.3163385,328.5896762,328.6145075,329.4712557,329.7783652,329.8653115,329.8885019,329.9256519,330.0223566,330.1613632,330.2685019,330.3505661,330.4659699,330.6322553,330.6340167,330.8214368,330.881512,331.2748308,331.4468471,331.8846386,331.9148475,331.951167,332.164623,332.6553872,332.7349396,332.8268377,332.9913643,333.0334261,337.8315404,337.8512569,338.5508094,338.6913465,340.393614,344.6993146,349.0730552,349.413542,349.4235061,349.4264792,350.5647998,350.5688782,350.6484792,350.7003674,350.7675277,350.7865414,350.7868253,350.9741171,351.3224756,351.3878736,351.5674934,351.5905769,351.6914696,352.9844933,353.2543254,354.5896936,355.1007499,355.271431,358.8334802,360.5667006,360.8980134,361.5206,363.4617489,363.4691561,364.4544043,364.56846,365.7047183,366.0378015,366.2922095,366.3268455,367.1616612,367.2757349,367.3097264,367.8695978,370.4330196,370.4371824,370.5266935,371.0628782,371.8033206,371.9438902,371.9865267,372.2783069,372.4425864,372.5153713,372.6146451,373.1205928,373.7980611,374.9921719,375.1860805,375.214313,375.2737065,375.5732852,375.7078931,375.9107719,375.9704849,376.0161743,376.1964514,376.2188246,376.23335,376.2507952,376.2762212,376.5007693,376.5131128,376.6801663,376.9677182,377.0449592,377.1662454,377.41847,377.4205827,377.4706507,377.6162104,378.1030794,378.9792477,379.2464154,379.5663734,379.7461276,379.7668039,380.3425896,380.413306,380.6455612,380.6616629,381.5596273,382.1665322,382.3247135,384.0357305,385.712027,386.0225966,388.2092732,391.3585232,391.7523359,391.8970236,391.9958228,392.1775164,393.0355782,393.0440716,393.1337402,393.1937167,393.2737055,393.3158362,393.3326497,393.4458346,393.448082,393.4640791,393.6619515,393.7194498,393.8931329,394.0998477,394.144381,395.9224817,398.6315698,400.5264421,401.8543882,403.1835533,407.1259352,408.6280068,408.7213514,408.8632356,408.9525666,409.0212606,409.1034583,409.1369005,409.4970663,409.9212025,410.3021424,410.3456132,411.1043171,411.4029674,411.7589357,411.8622163,412.0661003,412.3002637,412.9055156,413.2506595,413.2931016,413.3903623,413.4985373,413.6118798,414.0107859,414.1749385,414.3370728,414.424455,414.7014693,415.1638291,415.2406313,415.323386,415.6011647,416.4594736,416.6004284,417.437001,419.5439554,420.1817723,421.3986021,421.9089932,425.0984908,425.7073404,425.7944102,426.2151054,426.3502035,432.1064239,432.2606074,432.9124929,433.4026732,433.8135045,434.3933638,434.4812696,435.9708179,437.4497619,440.9701929,445.5895467,445.7056967,446.5903477,447.8182554,448.6530123,452.3325984,453.562506,453.6503295,454.1635048,456.3336261,458.9384261,458.9704449,462.7959941,462.9750539,463.0237935,463.1940345,467.5140495,468.4548048,470.7170598,472.7486398,472.9386852,473.171094,473.3463598,475.2905868,475.7613121,476.3307874,477.8962947,478.7936574,479.2583734,480.7257805,481.3045113,481.4650694,481.5979232,481.8131044,481.8449232,482.3586515,482.4029555,482.8621571,482.9585316,483.3319734,483.3472969,483.3487344,483.8269205,483.9018477,484.3072613,484.5151232,485.0259108,485.2344312,485.4585507,485.5128564,485.9237546,485.9613451,485.9825586,486.0779192,486.144721,486.1923407,486.401687,486.4488989,486.4576018,486.5880827,486.7536673,486.7849522,486.8386805,487.4655286,487.4838319,487.7154652,487.7285118,487.8319078,487.9919711,488.221123,488.2465635,488.3583366,488.61963,488.7872319,488.8478454,488.8722409,488.9928467,489.0952766,489.1181519,